﻿<?xml version="1.0" encoding="utf-8"?>
<AGL>
  <WebLinks>
    <Item Name="9Gag">
      <www>http://www.9gag.com</www>
      <icon>9gag.png</icon>
      <path/>
      <exec/>
      <args/>
      <windowname/>
    </Item>
    <Item Name="Amazon">
      <www>https://www.amazon.com/</www>
      <icon>amazon.png</icon>
      <path/>
      <exec/>
      <args/>
      <windowname/>
    </Item>
    <Item Name="Behance">
      <www>https://www.behance.net/</www>
      <icon>behance.png</icon>
      <path/>
      <exec/>
      <args/>
      <windowname/>
    </Item>
    <Item Name="Bing">
      <www>https://www.bing.com/</www>
      <icon>bing.png</icon>
      <path/>
      <exec/>
      <args/>
      <windowname/>
    </Item>
    <Item Name="Buffer">
      <www>https://buffer.com/</www>
      <icon>buffer.png</icon>
      <path/>
      <exec/>
      <args/>
      <windowname/>
    </Item>
    <Item Name="Crunchyroll">
      <www>https://www.crunchyroll.com/</www>
      <icon>crunchyroll.png</icon>
      <path/>
      <exec/>
      <args/>
      <windowname/>
    </Item>
    <Item Name="Datafilehost">
      <www>http://www.datafilehost.com/</www>
      <icon>datafilehost.png</icon>
      <path/>
      <exec/>
      <args/>
      <windowname/>
    </Item>
    <Item Name="Discordapp">
      <www>https://discordapp.com/</www>
      <icon>discord.png</icon>
      <path/>
      <exec/>
      <args/>
      <windowname/>
    </Item>
    <Item Name="Dropbox">
      <www>https://www.dropbox.com/?landing=cntl</www>
      <icon>dropbox.png</icon>
      <path/>
      <exec/>
      <args/>
      <windowname/>
    </Item>
    <Item Name="Facebook">
      <www>https://www.facebook.com</www>
      <icon>facebook.png</icon>
      <path/>
      <exec/>
      <args/>
      <windowname/>
    </Item>
    <Item Name="Flickr">
      <www>https://www.flickr.com/</www>
      <icon>flickr.png</icon>
      <path/>
      <exec/>
      <args/>
      <windowname/>
    </Item>
    <Item Name="Friv">
      <www>http://www.friv.com/</www>
      <icon>fancykey.png</icon>
      <path/>
      <exec/>
      <args/>
      <windowname/>
    </Item>
    <Item Name="Gameclub">
      <www>https://www.gameclub.ph/Login/</www>
      <icon>gameclub.png</icon>
      <path/>
      <exec/>
      <args/>
      <windowname/>
    </Item>
    <Item Name="Gmail">
      <www>https://mail.google.com/mail</www>
      <icon>gmail.png</icon>
      <path/>
      <exec/>
      <args/>
      <windowname/>
    </Item>
    <Item Name="Google">
      <www>https://www.google.com.ph</www>
      <icon>google.png</icon>
      <path/>
      <exec/>
      <args/>
      <windowname/>
    </Item>
    <Item Name="Instagram">
      <www>https://www.instagram.com</www>
      <icon>instagram.png</icon>
      <path/>
      <exec/>
      <args/>
      <windowname/>
    </Item>
    <Item Name="KeyTest">
      <www>http://fnc.net/keytest/</www>
      <icon>keyboard.png</icon>
      <path/>
      <exec/>
      <args/>
      <windowname/>
    </Item>
    <Item Name="Linkedin">
      <www>https://ph.linkedin.com</www>
      <icon>linkedin.png</icon>
      <path/>
      <exec/>
      <args/>
      <windowname/>
    </Item>
    <Item Name="MediaFire">
      <www>https://www.mediafire.com/</www>
      <icon>mediafire.png</icon>
      <path/>
      <exec/>
      <args/>
      <windowname/>
    </Item>
    <Item Name="Maps">
      <www>https://maps.google.com.ph</www>
      <icon>google_maps.png</icon>
      <path/>
      <exec/>
      <args/>
      <windowname/>
    </Item>
    <Item Name="Messenger">
      <www>https://www.messenger.com</www>
      <icon>facebook_messenger.png</icon>
      <path/>
      <exec/>
      <args/>
      <windowname/>
    </Item>
    <Item Name="MC Skins">
      <www>http://fnc.net/MCSkinSystem/</www>
      <icon>android.png</icon>
      <path/>
      <exec/>
      <args/>
      <windowname/>
    </Item>
    <Item Name="NameMC">
      <www>https://namemc.com/</www>
      <icon>netflix.png</icon>
      <path/>
      <exec/>
      <args/>
      <windowname/>
    </Item>
    <Item Name="Periscope">
      <www>https://www.periscope.tv/</www>
      <icon>periscope.png</icon>
      <path/>
      <exec/>
      <args/>
      <windowname/>
    </Item>
    <Item Name="Pinterest">
      <www>https://www.pinterest.com/</www>
      <icon>pinterest.png</icon>
      <path/>
      <exec/>
      <args/>
      <windowname/>
    </Item>
    <Item Name="Reddit">
      <www>https://www.reddit.com/</www>
      <icon>reddit.png</icon>
      <path/>
      <exec/>
      <args/>
      <windowname/>
    </Item>
    <Item Name="Roblox">
      <www>https://www.roblox.com/login</www>
      <icon>robloxstudio.png</icon>
      <path/>
      <exec/>
      <args/>
      <windowname/>
    </Item>
    <Item Name="Sound Cloud">
      <www>https://soundcloud.com/</www>
      <icon>soundcloud.png</icon>
      <path/>
      <exec/>
      <args/>
      <windowname/>
    </Item>
    <Item Name="Spotify">
      <www>https://www.spotify.com/ph/redirect/webplayerlink/?utm_medium=www_deviceslink</www>
      <icon>spotify.png</icon>
      <path/>
      <exec/>
      <args/>
      <windowname/>
    </Item>
    <Item Name="Translate">
      <www>https://translate.google.com/</www>
      <icon>google_translate.png</icon>
      <path/>
      <exec/>
      <args/>
      <windowname/>
    </Item>
    <Item Name="Tumblr">
      <www>https://www.tumblr.com/</www>
      <icon>tumblr.png</icon>
      <path/>
      <exec/>
      <args/>
      <windowname/>
    </Item>
    <Item Name="Twitch">
      <www>https://www.twitch.tv/</www>
      <icon>twitch.png</icon>
      <path/>
      <exec/>
      <args/>
      <windowname/>
    </Item>
    <Item Name="Twitter">
      <www>https://twitter.com</www>
      <icon>twitter.png</icon>
      <path/>
      <exec/>
      <args/>
      <windowname/>
    </Item>
    <Item Name="Vimeo">
      <www>https://vimeo.com/</www>
      <icon>vimeo.png</icon>
      <path/>
      <exec/>
      <args/>
      <windowname/>
    </Item>
    <Item Name="Vine">
      <www>https://vine.co/</www>
      <icon>vine.png</icon>
      <path/>
      <exec/>
      <args/>
      <windowname/>
    </Item>
    <Item Name="Wattpad">
      <www>https://www.wattpad.com/</www>
      <icon>wattpad.png</icon>
      <path/>
      <exec/>
      <args/>
      <windowname/>
    </Item>
    <Item Name="Weather">
      <www>https://www.accuweather.com/en/ph/philippines-weather</www>
      <icon>accu_weather.png</icon>
      <path/>
      <exec/>
      <args/>
      <windowname/>
    </Item>
    <Item Name="Wikipedia">
      <www>https://en.wikipedia.org</www>
      <icon>wikipedia.png</icon>
      <path/>
      <exec/>
      <args/>
      <windowname/>
    </Item>
    <Item Name="Wordpress">
      <www>https://wordpress.com/</www>
      <icon>wordpress.png</icon>
      <path/>
      <exec/>
      <args/>
      <windowname/>
    </Item>
    <Item Name="Y8 Games">
      <www>https://www.y8.com/</www>
      <icon>y8.png</icon>
      <path/>
      <exec/>
      <args/>
      <windowname/>
    </Item>
    <Item Name="Yahoo! Mail">
      <www>https://mail.yahoo.com/</www>
      <icon>yahoomail.png</icon>
      <path/>
      <exec/>
      <args/>
      <windowname/>
    </Item>
    <Item Name="Youtube">
      <www>https://www.youtube.com</www>
      <icon>youtube.png</icon>
      <path/>
      <exec/>
      <args/>
      <windowname/>
    </Item>
    <Item Name="Zedge">
      <www>https://www.zedge.net/</www>
      <icon>zedge.png</icon>
      <path/>
      <exec/>
      <args/>
      <windowname/>
    </Item>
  </WebLinks>
  <OnlineGames>
    <Item Name="CS-GO Online">
      <www>steam://rungameid/730</www>
      <icon>csgo.bmp</icon>
      <path/>
      <exec/>
      <args/>
      <windowname>Login</windowname>
      <gamedata/>
      <gamestatus>1</gamestatus>
    </Item>
    <Item Name="Crossfire PH">
      <www/>
      <icon>cf.bmp</icon>
      <path>D:\VBScript</path>
      <exec>launcher.vbs</exec>
      <args>crossfire</args>
      <windowname>HGWC</windowname>
      <gamedata/>
      <gamestatus>1</gamestatus>
    </Item>
    <Item Name="Dota 2">
      <www>steam://rungameid/570</www>
      <icon>dota2.bmp</icon>
      <path/>
      <exec/>
      <args/>
      <windowname>Steam</windowname>
      <gamedata/>
      <gamestatus>1</gamestatus>
    </Item>
    <Item Name="Dragon Nest">
      <www/>
      <icon>dragonnest.bmp</icon>
      <path>D:\Online Games\dragon nest</path>
      <exec>dnlauncher.exe</exec>
      <args/>
      <windowname>DragonNest</windowname>
      <gamedata/>
      <gamestatus>1</gamestatus>
    </Item>
    <Item Name="Elsword Season 2">
      <www/>
      <icon>elsword.bmp</icon>
      <path>D:\Online Games\elsword</path>
      <exec>elsword.exe</exec>
      <args/>
      <windowname>[CLASS:#32770]</windowname>
      <gamedata/>
      <gamestatus>1</gamestatus>
    </Item>
    <Item Name="GTA SanAndreas Multiplayer">
      <www/>
      <icon>gtaonline.bmp</icon>
      <path>D:\Offline Games\GTA San Andreas</path>
      <exec>samp.exe</exec>
      <args/>
      <windowname>Andreas</windowname>
      <gamedata/>
      <gamestatus>1</gamestatus>
    </Item>
    <Item Name="Heroes of Newerth">
      <www/>
      <icon>hon.bmp</icon>
      <path>D:\VBScript</path>
      <exec>launcher.vbs</exec>
      <args>hon</args>
      <windowname>Garena</windowname>
      <gamedata/>
      <gamestatus>1</gamestatus>
    </Item>
    <Item Name="League of Legends">
      <www/>
      <icon>lol.bmp</icon>
      <path>D:\VBScript</path>
      <exec>launcher.vbs</exec>
      <args>lol</args>
      <windowname>Garena</windowname>
      <gamedata/>
      <gamestatus>1</gamestatus>
    </Item>
    <Item Name="Love Beat">
      <www>steam://rungameid/354290</www>
      <icon>lb.bmp</icon>
      <path/>
      <exec/>
      <args/>
      <windowname>Login</windowname>
      <gamedata/>
      <gamestatus>1</gamestatus>
    </Item>
    <Item Name="Minecraft Java Edition">
      <www/>
      <icon>minecraft114.bmp</icon>
      <path>D:\VBScript</path>
      <exec>launcher.vbs</exec>
      <args>minecraft</args>
      <windowname>TLauncher</windowname>
      <gamedata>D:\Online Games\.minecraft\saves</gamedata>
      <gamestatus>1</gamestatus>
    </Item>
    <Item Name="PUBG Lite">
      <www/>
      <icon>pubglite.bmp</icon>
      <path>D:\VBScript</path>
      <exec>launcher.vbs</exec>
      <args>pubglite</args>
      <windowname>Garena</windowname>
      <gamedata/>
      <gamestatus>1</gamestatus>
    </Item>
    <Item Name="Ragnarok Online PH">
      <www/>
      <icon>ragnarok.bmp</icon>
      <path>D:\Online Games\Ragnarok Online</path>
      <exec>Ragnarok.exe</exec>
      <args/>
      <windowname>[TITLE:Patch Client]</windowname>
      <gamedata/>
      <gamestatus>1</gamestatus>
    </Item>
    <Item Name="Roblox">
      <www>https://www.roblox.com/games/</www>
      <icon>roblox.bmp</icon>
      <path/>
      <exec/>
      <args/>
      <windowname>Chrome</windowname>
      <gamedata/>
      <gamestatus>1</gamestatus>
    </Item>
    <Item Name="Rules of Survival">
      <www/>
      <icon>ros.bmp</icon>
      <path>D:\VBScript</path>
      <exec>launcher.vbs</exec>
      <args>ros</args>
      <windowname>Survival</windowname>
      <gamedata/>
      <gamestatus>1</gamestatus>
    </Item>
    <Item Name="Special Force PH">
      <www/>
      <icon>sf.bmp</icon>
      <path>D:\VBScript</path>
      <exec>launcher.vbs</exec>
      <args>sf</args>
      <windowname>SFPatcher</windowname>
      <gamedata/>
      <gamestatus>1</gamestatus>
    </Item>
    <Item Name="Special Force 2 PH">
      <www/>
      <icon>sf2.bmp</icon>
      <path>D:\Online Games\special force 2</path>
      <exec>dfubg.exe</exec>
      <args/>
      <windowname>Launcher</windowname>
      <gamedata/>
      <gamestatus>1</gamestatus>
    </Item>
    <Item Name="Touch">
      <www/>
      <icon>touch.bmp</icon>
      <path>D:\Online Games\Touch</path>
      <exec>Touch.exe</exec>
      <args/>
      <windowname/>
      <gamedata/>
      <gamestatus>1</gamestatus>
    </Item>
  </OnlineGames>
  <RolePlayGames>
    <Item Name="Alien Isolation">
      <www/>
      <icon>alieniso.bmp</icon>
      <path>Z:\Alien Isolation</path>
      <exec>AI.exe</exec>
      <args/>
      <windowname/>
      <gamedata/>
      <gamestatus>1</gamestatus>
    </Item>
    <Item Name="Amnesia - A Machine for Pigs">
      <www/>
      <icon>amnesia_amfp.bmp</icon>
      <path>D:\Offline Games\Amnesia - A Machine for Pigs</path>
      <exec>Launcher.exe</exec>
      <args/>
      <windowname>Amnesia</windowname>
      <gamedata>%USERPROFILE%\Documents\Amnesia\Pig</gamedata>
      <gamestatus>1</gamestatus>
    </Item>
    <Item Name="Amnesia - The Dark Descent">
      <www/>
      <icon>amnesia_tdd.bmp</icon>
      <path>D:\Offline Games\Amnesia - The Dark Descent</path>
      <exec>Launcher.exe</exec>
      <args/>
      <windowname>Amnesia</windowname>
      <gamedata>%USERPROFILE%\Documents\Amnesia\Main</gamedata>
      <gamestatus>1</gamestatus>
    </Item>
    <Item Name="Assassin's Creed III">
      <www/>
      <icon>ac3.bmp</icon>
      <path>Z:\Assassin's Creed III</path>
      <exec>AC3SP.exe</exec>
      <args/>
      <windowname/>
      <gamedata>%USERPROFILE%\AppData\Local\storage\SKIDROW\103</gamedata>
      <gamestatus>1</gamestatus>
    </Item>
    <Item Name="Ben and Ed">
      <www/>
      <icon>benanded.bmp</icon>
      <path>D:\Offline Games\Ben.and.Ed</path>
      <exec>BenAndEd.exe</exec>
      <args/>
      <windowname>Ben and Ed</windowname>
      <gamedata>D:\Offline Games\Ben.and.Ed\BenAndEd\Saved\SaveGames</gamedata>
      <gamestatus>1</gamestatus>
    </Item>
    <Item Name="Black Mesa">
      <www/>
      <icon>blackmesa.bmp</icon>
      <path>Z:\Black Mesa</path>
      <exec>revLoader.exe</exec>
      <args/>
      <windowname/>
      <gamedata>D:\Offline Games\Black Mesa\bms\save</gamedata>
      <gamestatus>1</gamestatus>
    </Item>
    <Item Name="Call of Duty - Ghost">
      <www/>
      <icon>cod-ghost.bmp</icon>
      <path>Z:\Call Of Duty - Ghosts</path>
      <exec>iw6sp64_ship.exe</exec>
      <args/>
      <windowname/>
      <gamedata/>
      <gamestatus>1</gamestatus>
    </Item>
    <Item Name="Call of Duty - Modern Warfare 2">
      <www/>
      <icon>codmw2.bmp</icon>
      <path>D:\Offline Games\Call OF Duty Modern Warfare 2</path>
      <exec>iw4sp.exe</exec>
      <args/>
      <windowname>Duty</windowname>
      <gamedata>D:\Offline Games\Call OF Duty Modern Warfare 2\players</gamedata>
      <gamestatus>1</gamestatus>
    </Item>
    <Item Name="Call of Duty 4 - Modern Warfare">
      <www/>
      <icon>cod4.bmp</icon>
      <path>D:\Offline Games\Call of Duty 4 - Modern Warfare</path>
      <exec>iw3sp.exe</exec>
      <args/>
      <windowname>Duty</windowname>
      <gamedata>D:\Offline Games\Call of Duty 4 - Modern Warfare\players\profiles</gamedata>
      <gamestatus>1</gamestatus>
    </Item>
    <Item Name="Counter Strike 1.6">
      <www/>
      <icon>cs1.6.bmp</icon>
      <path>D:\Offline Games\Counter-Strike 1.6</path>
      <exec>cstrike.exe</exec>
      <args/>
      <windowname>Counter-Strike</windowname>
      <gamedata/>
      <gamestatus>1</gamestatus>
    </Item>
    <Item Name="Counter Strike - Source">
      <www/>
      <icon>cssource.bmp</icon>
      <path>D:\Offline Games\Counter-Strike Source</path>
      <exec>start.bat</exec>
      <args>
      </args>
      <windowname>Counter-Strike</windowname>
      <gamedata/>
      <gamestatus>1</gamestatus>
    </Item>
    <Item Name="CStrike eXtreme - Ghost Mode">
      <www/>
      <icon>csxtreme-ghost.bmp</icon>
      <path>D:\VBScript</path>
      <exec>launcher.vbs</exec>
      <args>csxgm</args>
      <windowname>Counter-Strike</windowname>
      <gamedata/>
      <gamestatus>1</gamestatus>
    </Item>
    <Item Name="CStrike eXtreme - Zombie Senario">
      <www/>
      <icon>csxtreme-senario.bmp</icon>
      <path>D:\VBScript</path>
      <exec>launcher.vbs</exec>
      <args>csxzs</args>
      <windowname>Counter-Strike</windowname>
      <gamedata/>
      <gamestatus>1</gamestatus>
    </Item>
    <Item Name="CStrike eXtreme - Zombie United">
      <www/>
      <icon>csxtreme-united.bmp</icon>
      <path>D:\VBScript</path>
      <exec>launcher.vbs</exec>
      <args>csxzu</args>
      <windowname>Counter-Strike</windowname>
      <gamedata/>
      <gamestatus>1</gamestatus>
    </Item>
    <Item Name="CStrike eXtreme - Zombie Mode 3">
      <www/>
      <icon>csxtreme-zm3.bmp</icon>
      <path>D:\VBScript</path>
      <exec>launcher.vbs</exec>
      <args>csxzm3</args>
      <windowname>Counter-Strike</windowname>
      <gamedata/>
      <gamestatus>1</gamestatus>
    </Item>
    <Item Name="Dishonored">
      <www/>
      <icon>dishonored.bmp</icon>
      <path>Z:\Dishonored\Binaries\Win32</path>
      <exec>Dishonored.exe</exec>
      <args/>
      <windowname/>
      <gamedata>Z:\Dishonored\Binaries\Win32\Profile</gamedata>
      <gamestatus>1</gamestatus>
    </Item>
    <Item Name="Doom 3 BFG Edition">
      <www/>
      <icon>doom3.bmp</icon>
      <path>D:\Offline Games\DOOM 3 BFG Edition</path>
      <exec>Doom3BFG.exe</exec>
      <args/>
      <windowname>Doom</windowname>
      <gamedata>D:\Offline Games\DOOM 3 BFG Edition\Profile</gamedata>
      <gamestatus>1</gamestatus>
    </Item>
    <Item Name="DragonBall Xenoverse">
      <www/>
      <icon>dragonball.bmp</icon>
      <path>D:\Offline Games\Dragonball Xenoverse</path>
      <exec>DBXV.exe</exec>
      <args/>
      <windowname>DRAGON</windowname>
      <gamedata>%USERPROFILE%\AppData\Roaming\Steam\CODEX\323470</gamedata>
      <gamestatus>1</gamestatus>
    </Item>
    <Item Name="Five Nights at Freddy's">
      <www/>
      <icon>fnaf.bmp</icon>
      <path>D:\Offline Games\Five Nights at Freddy's</path>
      <exec>FiveNightsatFreddys.exe</exec>
      <args/>
      <windowname>Five</windowname>
      <gamedata>%USERPROFILE%\AppData\Roaming\MMFApplications</gamedata>
      <gamestatus>1</gamestatus>
    </Item>
    <Item Name="Five Nights at Freddy's 2">
      <www/>
      <icon>fnaf2.bmp</icon>
      <path>D:\Offline Games\Five Nights at Freddy's</path>
      <exec>FiveNightsatFreddys2.exe</exec>
      <args/>
      <windowname>Five</windowname>
      <gamedata>%USERPROFILE%\AppData\Roaming\MMFApplications</gamedata>
      <gamestatus>1</gamestatus>
    </Item>
    <Item Name="Five Nights at Freddy's 3">
      <www/>
      <icon>fnaf3.bmp</icon>
      <path>D:\Offline Games\Five Nights at Freddy's</path>
      <exec>FiveNightsatFreddys3.exe</exec>
      <args/>
      <windowname>Five</windowname>
      <gamedata>%USERPROFILE%\AppData\Roaming\MMFApplications</gamedata>
      <gamestatus>1</gamestatus>
    </Item>
    <Item Name="Five Nights at Freddy's 4">
      <www/>
      <icon>fnaf4.bmp</icon>
      <path>D:\Offline Games\Five Nights at Freddy's</path>
      <exec>FiveNightsatFreddys4.exe</exec>
      <args/>
      <windowname>Five</windowname>
      <gamedata>%USERPROFILE%\AppData\Roaming\MMFApplications</gamedata>
      <gamestatus>1</gamestatus>
    </Item>
    <Item Name="Five Nights at Freddy's Sister Location">
      <www/>
      <icon>fnafsl.bmp</icon>
      <path>D:\Offline Games\Five Nights at Freddy's</path>
      <exec>SisterLocation.exe</exec>
      <args/>
      <windowname>Five</windowname>
      <gamedata>%USERPROFILE%\AppData\Roaming\MMFApplications</gamedata>
      <gamestatus>1</gamestatus>
    </Item>
    <Item Name="Frozen Throne - Dota">
      <www/>
      <icon>dota.bmp</icon>
      <path>D:\VBScript</path>
      <exec>launcher.vbs</exec>
      <args>dota</args>
      <windowname>Warcraft</windowname>
      <gamedata>D:\Offline Games\Warcraft III\save</gamedata>
      <gamestatus>1</gamestatus>
    </Item>
    <Item Name="Garry's Mod">
      <www/>
      <icon>gmod.bmp</icon>
      <path>D:\Offline Games\Garrys Mod</path>
      <exec>Garrys_Mod.exe</exec>
      <args/>
      <windowname>Garry's Mod</windowname>
      <gamedata>D:\Offline Games\Garrys Mod\garrysmod\saves</gamedata>
      <gamestatus>1</gamestatus>
    </Item>
    <Item Name="Grand Theft Auto IV">
      <www/>
      <icon>gta4.bmp</icon>
      <path>D:\Offline Games\GTA IV</path>
      <exec>LaunchGTAIV.exe</exec>
      <args/>
      <windowname>GTAIV</windowname>
      <gamedata>%USERPROFILE%\Documents\Rockstar Games\GTA IV</gamedata>
      <gamestatus>1</gamestatus>
    </Item>
    <Item Name="Grand Theft Auto San Andreas">
      <www/>
      <icon>gtasa.bmp</icon>
      <path>D:\VBScript</path>
      <exec>launcher.vbs</exec>
      <args>gtasa</args>
      <windowname>GTA: San Andreas</windowname>
      <gamedata>%USERPROFILE%\Documents\GTA San Andreas User Files</gamedata>
      <gamestatus>1</gamestatus>
    </Item>
    <Item Name="Guitar Hero III">
      <www/>
      <icon>guitarhero.bmp</icon>
      <path>D:\Offline Games\Guitar Hero III</path>
      <exec>GH3.exe</exec>
      <args/>
      <windowname>Guitar</windowname>
      <gamedata>C:\Users\Fran's Net Cafe\Documents\Aspyr\Guitar Hero III\Save</gamedata>
      <gamestatus>1</gamestatus>
    </Item>
    <Item Name="Half-Life">
      <www/>
      <icon>halflife.bmp</icon>
      <path>D:\Offline Games\Half-Life</path>
      <exec>hl.exe</exec>
      <args/>
      <windowname>Half-Life</windowname>
      <gamedata>D:\Offline Games\Half-Life\valve\SAVE</gamedata>
      <gamestatus>1</gamestatus>
    </Item>
    <Item Name="Half-Life 2">
      <www/>
      <icon>hl2.bmp</icon>
      <path>D:\Offline Games\Half-Life 2</path>
      <exec>revLoader.exe</exec>
      <args/>
      <windowname>Half-Life</windowname>
      <gamedata>D:\Offline Games\Half-Life 2\hl2\save</gamedata>
      <gamestatus>1</gamestatus>
    </Item>
    <Item Name="Half-Life 2 - Episode 1">
      <www/>
      <icon>hl2ep1.bmp</icon>
      <path>D:\Offline Games\Half-Life 2\ep1</path>
      <exec>revLoader.exe</exec>
      <args/>
      <windowname>Half-Life</windowname>
      <gamedata>D:\Offline Games\Half-Life 2\ep1\episodic\save</gamedata>
      <gamestatus>1</gamestatus>
    </Item>
    <Item Name="Half-Life 2 - Episode 2">
      <www/>
      <icon>hl2ep2.bmp</icon>
      <path>D:\Offline Games\Half-Life 2\ep2</path>
      <exec>revLoader.exe</exec>
      <args/>
      <windowname>Half-Life</windowname>
      <gamedata>D:\Offline Games\Half-Life 2\ep2\ep2\save</gamedata>
      <gamestatus>1</gamestatus>
    </Item>
    <Item Name="Ako'y isang Itlog">
      <www/>
      <icon>iamegg.bmp</icon>
      <path>D:\Offline Games\I Am Egg</path>
      <exec>I Am Egg.exe</exec>
      <args/>
      <windowname>I Am Egg Configuration</windowname>
      <gamedata/>
      <gamestatus>1</gamestatus>
    </Item>
    <Item Name="Left 4 Dead">
      <www/>
      <icon>l4d.bmp</icon>
      <path>D:\Offline Games\Left 4 Dead</path>
      <exec>left4dead.exe</exec>
      <args/>
      <windowname>Left 4 Dead</windowname>
      <gamedata/>
      <gamestatus>1</gamestatus>
    </Item>
    <Item Name="Left 4 Dead 2">
      <www/>
      <icon>l4d2.bmp</icon>
      <path>D:\Offline Games\Left 4 Dead 2</path>
      <exec>left4dead2.exe</exec>
      <args/>
      <windowname/>
      <gamedata/>
      <gamestatus>1</gamestatus>
    </Item>
    <Item Name="Limbo">
      <www/>
      <icon>limbo.bmp</icon>
      <path>D:\Offline Games\LIMBO</path>
      <exec>limbo.exe</exec>
      <args/>
      <windowname>Limbo</windowname>
      <gamedata>D:\Offline Games\LIMBO\MRSITEMAN_swarm</gamedata>
      <gamestatus>1</gamestatus>
    </Item>
    <Item Name="Mass Effect 3">
      <www/>
      <icon>masseffect3.bmp</icon>
      <path>Z:\Mass Effect 3\Binaries\Win32</path>
      <exec>MassEffect3.exe</exec>
      <args/>
      <windowname/>
      <gamedata/>
      <gamestatus>1</gamestatus>
    </Item>
    <Item Name="Max Payne 2">
      <www/>
      <icon>maxpayne.bmp</icon>
      <path>D:\Offline Games\Max Payne 2</path>
      <exec>MaxPayne2.exe</exec>
      <args/>
      <windowname/>
      <gamedata/>
      <gamestatus>1</gamestatus>
    </Item>
    <Item Name="Megaman X8">
      <www/>
      <icon>megaman.bmp</icon>
      <path>D:\Offline Games\Megaman X8</path>
      <exec>ROCKMANX8.exe</exec>
      <args/>
      <windowname>MEGAMANX8</windowname>
      <gamedata/>
      <gamestatus>1</gamestatus>
    </Item>
    <Item Name="Medal of Honor War Fighter">
      <www/>
      <icon>moh.bmp</icon>
      <path>D:\Offline Games\Medal of Honor Warfighter</path>
      <exec>MOHW.exe</exec>
      <args/>
      <windowname>Medal of Honor Warfighter</windowname>
      <gamedata>%USERPROFILE%\Documents\MOHW_DayOnePatch_PC</gamedata>
      <gamestatus>1</gamestatus>
    </Item>
    <Item Name="Minecraft Story Mode">
      <www/>
      <icon>minecraftstory.bmp</icon>
      <path>D:\Offline Games\Minecraft - Story Mode</path>
      <exec>GameApp.exe</exec>
      <args/>
      <windowname>Telltale Games</windowname>
      <gamedata>%USERPROFILE%\Documents\Telltale Games</gamedata>
      <gamestatus>1</gamestatus>
    </Item>
    <Item Name="NBA 2k13">
      <www/>
      <icon>nba13.bmp</icon>
      <path>D:\Offline Games\NBA 2K13</path>
      <exec>nba2k13.exe</exec>
      <args/>
      <windowname>NBA 2K13</windowname>
      <gamedata/>
      <gamestatus>1</gamestatus>
    </Item>
    <Item Name="NBA 2k14">
      <www/>
      <icon>nba14.bmp</icon>
      <path>D:\Offline Games\NBA 2K14</path>
      <exec>nba2k14.exe</exec>
      <args/>
      <windowname>NBA 2K14</windowname>
      <gamedata/>
      <gamestatus>1</gamestatus>
    </Item>
    <Item Name="NBA 2k15">
      <www/>
      <icon>nba15.bmp</icon>
      <path>D:\Offline Games\NBA 2K15</path>
      <exec>NBA2K15.exe</exec>
      <args/>
      <windowname/>
      <gamedata/>
      <gamestatus>1</gamestatus>
    </Item>
    <Item Name="Need for Speed - Most Wanted">
      <www/>
      <icon>mostwanted.bmp</icon>
      <path>D:\Offline Games\Need for Speed Most Wanted</path>
      <exec>Launcher.exe</exec>
      <args/>
      <windowname>NFSMWRes</windowname>
      <gamedata>%USERPROFILE%\Documents\NFS Most Wanted</gamedata>
      <gamestatus>1</gamestatus>
    </Item>
    <Item Name="Need for Speed - The Run">
      <www/>
      <icon>nfsrun.bmp</icon>
      <path>D:\Offline Games\Need for Speed The Run</path>
      <exec>Need For Speed The Run.exe</exec>
      <args/>
      <windowname>Need for Speed(TM) The Run</windowname>
      <gamedata/>
      <gamestatus>1</gamestatus>
    </Item>
    <Item Name="Need for Speed - Rivals">
      <www/>
      <icon>nfsrivals.bmp</icon>
      <path>Z:\Need for Speed Rivals</path>
      <exec>NFS14.exe</exec>
      <args/>
      <windowname/>
      <gamedata/>
      <gamestatus>1</gamestatus>
    </Item>
    <Item Name="Outlast">
      <www/>
      <icon>outlast.bmp</icon>
      <path>D:\Offline Games\Outlast</path>
      <exec>OutlastLauncher.exe</exec>
      <args/>
      <windowname>Outlast</windowname>
      <gamedata/>
      <gamestatus>1</gamestatus>
    </Item>
    <Item Name="Outlast 2">
      <www/>
      <icon>outlast2.bmp</icon>
      <path>Z:\Outlast 2\Binaries\Win64</path>
      <exec>Outlast2.exe</exec>
      <args/>
      <windowname>Outlast 2</windowname>
      <gamedata>C:\Users\Public\Documents\Steam\CODEX\414700</gamedata>
      <gamestatus>1</gamestatus>
    </Item>
    <Item Name="Pacify">
      <www/>
      <icon>pacify.bmp</icon>
      <path>D:\Offline Games\Pacify</path>
      <exec>Pacify.exe</exec>
      <args/>
      <windowname>Pacify  </windowname>
      <gamedata>D:\Offline Games\Pacify\Pacify\Saved</gamedata>
      <gamestatus>1</gamestatus>
    </Item>
    <Item Name="Portal">
      <www/>
      <icon>portal.bmp</icon>
      <path>D:\Offline Games\Portal</path>
      <exec>Portal.exe</exec>
      <args/>
      <windowname>Portal</windowname>
      <gamedata/>
      <gamestatus>1</gamestatus>
    </Item>
    <Item Name="Portal 2">
      <www/>
      <icon>portal2.bmp</icon>
      <path>D:\Offline Games\Portal 2</path>
      <exec>Launcher.exe</exec>
      <args/>
      <windowname>Portal 2 SP + MP Launcher  ©NSIS</windowname>
      <gamedata/>
      <gamestatus>1</gamestatus>
    </Item>
    <Item Name="Prototype">
      <www/>
      <icon>prototype.bmp</icon>
      <path>D:\Offline Games\Prototype</path>
      <exec>Prototypef.exe</exec>
      <args/>
      <windowname>Prototype</windowname>
      <gamedata/>
      <gamestatus>1</gamestatus>
    </Item>
    <Item Name="Prototype 2">
      <www/>
      <icon>prototype2.bmp</icon>
      <path>D:\Offline Games\Prototype 2</path>
      <exec>prototype2.exe</exec>
      <args/>
      <windowname>[PROTOTYPE®2]</windowname>
      <gamedata/>
      <gamestatus>1</gamestatus>
    </Item>
    <Item Name="Red Alert 3 Uprising">
      <www/>
      <icon>redalert3.bmp</icon>
      <path>D:\Offline Games\Red Alert 3 Uprising</path>
      <exec>RA3EP1.exe</exec>
      <args/>
      <windowname>Command &amp; Conquer Red Alert 3: Uprising</windowname>
      <gamedata/>
      <gamestatus>1</gamestatus>
    </Item>
    <Item Name="Resident Evil 3 Nemesis">
      <www/>
      <icon>re3.bmp</icon>
      <path>D:\Offline Games\Resident Evil 3 Nemesis</path>
      <exec>Nemesis.exe</exec>
      <args/>
      <windowname>Form1</windowname>
      <gamedata/>
      <gamestatus>1</gamestatus>
    </Item>
    <Item Name="Resident Evil 6 Biohazard">
      <www/>
      <icon>re6.bmp</icon>
      <path>Z:\Resident Evil 6</path>
      <exec>BH6.exe</exec>
      <args/>
      <windowname/>
      <gamedata/>
      <gamestatus>1</gamestatus>
    </Item>
    <Item Name="Resident Evil 7 - BIOHAZARD 7">
      <www/>
      <icon>re7.bmp</icon>
      <path>D:\Offline Games\Resident Evil 7</path>
      <exec>Nemesis.exe</exec>
      <args/>
      <windowname/>
      <gamedata/>
      <gamestatus>1</gamestatus>
    </Item>
    <Item Name="SAW - The Video Game">
      <www/>
      <icon>saw.bmp</icon>
      <path>D:\Offline Games\SAW - The Video Game\Binaries</path>
      <exec>SawGame.exe</exec>
      <args/>
      <windowname/>
      <gamedata/>
      <gamestatus>1</gamestatus>
    </Item>
    <Item Name="Silent Hill - Homecoming">
      <www/>
      <icon>silenthill.bmp</icon>
      <path>D:\Offline Games\Silent Hill Homecoming\Bin</path>
      <exec>SilentHill.exe</exec>
      <args/>
      <windowname/>
      <gamedata/>
      <gamestatus>1</gamestatus>
    </Item>
    <Item Name="Sniper Elite 3">
      <www/>
      <icon>sniperelite3.bmp</icon>
      <path>D:\Offline Games\Sniper Elite 3\bin</path>
      <exec>SniperElite3.exe</exec>
      <args/>
      <windowname>Sniper3</windowname>
      <gamedata/>
      <gamestatus>1</gamestatus>
    </Item>
    <Item Name="Sniper Elite 4">
      <www/>
      <icon>sniperelite4.bmp</icon>
      <path>Z:\Sniper Elite 4\Launcher</path>
      <exec>SniperElite4.exe</exec>
      <args/>
      <windowname/>
      <gamedata/>
      <gamestatus>1</gamestatus>
    </Item>
    <Item Name="Sniper Ghost Warrior">
      <www/>
      <icon>sniperghost.bmp</icon>
      <path>D:\Offline Games\Sniper Ghost Warrior</path>
      <exec>Sniper_x86.exe</exec>
      <args/>
      <windowname>Sniper: Ghost Warrior</windowname>
      <gamedata/>
      <gamestatus>1</gamestatus>
    </Item>
    <Item Name="StarCraft II">
      <www/>
      <icon>starcraft.bmp</icon>
      <path>Z:\StarCraft II</path>
      <exec>StarCraft II.exe</exec>
      <args/>
      <windowname/>
      <gamedata/>
      <gamestatus>1</gamestatus>
    </Item>
    <Item Name="Sword Art Online - Fatal Bullet">
      <www/>
      <icon>saofb.bmp</icon>
      <path>Z:\Sword Art Online - Fatal Bullet</path>
      <exec>SAOFB_Launcher.exe</exec>
      <args/>
      <windowname/>
      <gamedata/>
      <gamestatus>1</gamestatus>
    </Item>
    <Item Name="Sword Art Online - Hollow Realization">
      <www/>
      <icon>saohr.bmp</icon>
      <path>D:\Offline Games\Sword Art Online Hollow Realization</path>
      <exec>sao_hr.exe</exec>
      <args/>
      <windowname/>
      <gamedata/>
      <gamestatus>1</gamestatus>
    </Item>
    <Item Name="Team Fortress 2">
      <www/>
      <icon>tf2.bmp</icon>
      <path>D:\Offline Games\Team Fortress 2</path>
      <exec>tf2.exe</exec>
      <args/>
      <windowname>Team Fortress 2</windowname>
      <gamedata/>
      <gamestatus>1</gamestatus>
    </Item>
    <Item Name="The Amazing Spider-Man">
      <www/>
      <icon>spiderman.bmp</icon>
      <path>Z:\The Amazing Spider-Man</path>
      <exec>Game.exe</exec>
      <args/>
      <windowname/>
      <gamedata/>
      <gamestatus>1</gamestatus>
    </Item>
    <Item Name="The Elder Scrolls V - Skyrim SE">
      <www/>
      <icon>skyrim.bmp</icon>
      <path>Z:\TES V Skyrim</path>
      <exec>SkyrimSELauncher.exe</exec>
      <args/>
      <windowname/>
      <gamedata/>
      <gamestatus>1</gamestatus>
    </Item>
    <Item Name="The Walking Dead">
      <www/>
      <icon>thewalkingdead.bmp</icon>
      <path>D:\Offline Games\The Walking Dead</path>
      <exec>WalkingDead101.exe</exec>
      <args/>
      <windowname>Telltale Games</windowname>
      <gamedata/>
      <gamestatus>1</gamestatus>
    </Item>
  </RolePlayGames>
  <CasualGames>
    <Item Name="Angry Birds">
      <www/>
      <icon>angrybirds.bmp</icon>
      <path>D:\Casual Games\Angry Bird</path>
      <exec>AngryBirds.exe</exec>
      <args/>
      <windowname>Angry Birds</windowname>
      <gamedata/>
      <gamestatus>1</gamestatus>
    </Item>
    <Item Name="Angry Birds Rio">
      <www/>
      <icon>angrybirdsrio.bmp</icon>
      <path>D:\Casual Games\Angry Birds Rio</path>
      <exec>AngryBirdsRio.exe</exec>
      <args/>
      <windowname>Angry Birds Rio</windowname>
      <gamedata/>
      <gamestatus>1</gamestatus>
    </Item>
    <Item Name="Angry Birds Seasons">
      <www/>
      <icon>angrybirdsseasons.bmp</icon>
      <path>D:\Casual Games\Angry Birds Seasons</path>
      <exec>AngryBirdsSeasons.exe</exec>
      <args/>
      <windowname>Angry Birds Seasons</windowname>
      <gamedata/>
      <gamestatus>1</gamestatus>
    </Item>
    <Item Name="Angry Birds Space">
      <www/>
      <icon>angrybirdsspace.bmp</icon>
      <path>D:\Casual Games\Angry Birds Space</path>
      <exec>AngryBirdsSpace.exe</exec>
      <args/>
      <windowname>Angry Birds Space</windowname>
      <gamedata/>
      <gamestatus>1</gamestatus>
    </Item>
    <Item Name="Angry Birds StarWars">
      <www/>
      <icon>angrybirdsstarwars.bmp</icon>
      <path>D:\Casual Games\Angry Birds Star Wars</path>
      <exec>AngryBirdsStarWars.exe</exec>
      <args/>
      <windowname>Angry Birds Star Wars</windowname>
      <gamedata/>
      <gamestatus>1</gamestatus>
    </Item>
    <Item Name="Bejeweled 2">
      <www/>
      <icon>bejeweled.bmp</icon>
      <path>D:\Casual Games\Bejeweled 2</path>
      <exec>Bejeweled2.exe</exec>
      <args/>
      <windowname>Bejeweled 2 Deluxe</windowname>
      <gamedata/>
      <gamestatus>1</gamestatus>
    </Item>
    <Item Name="Bookworm Adventures">
      <www/>
      <icon>bookworm.bmp</icon>
      <path>D:\Casual Games\Bookworm Adventures Deluxe</path>
      <exec>BookwormAdventures.exe</exec>
      <args/>
      <windowname>Bookworm Adventures Deluxe</windowname>
      <gamedata/>
      <gamestatus>1</gamestatus>
    </Item>
    <Item Name="City Racing">
      <www/>
      <icon>cityracing.bmp</icon>
      <path>D:\Casual Games\City Racing</path>
      <exec>game.exe</exec>
      <args/>
      <windowname>City Racing</windowname>
      <gamedata/>
      <gamestatus>1</gamestatus>
    </Item>
    <Item Name="Dinnerdash">
      <www/>
      <icon>dinnerdash.bmp</icon>
      <path>D:\Casual Games\Diner Dash</path>
      <exec>DinerDash.exe</exec>
      <args/>
      <windowname>DinerDash</windowname>
      <gamedata/>
      <gamestatus>1</gamestatus>
    </Item>
    <Item Name="Feeding Frenzy">
      <www/>
      <icon>feedingfrenzy.bmp</icon>
      <path>D:\Casual Games\Feeding Frenzy Deluxe</path>
      <exec>FeedingFrenzy.exe</exec>
      <args/>
      <windowname>Feeding Frenzy</windowname>
      <gamedata/>
      <gamestatus>1</gamestatus>
    </Item>
    <Item Name="Feeding Frenzy 2">
      <www/>
      <icon>feedingfrenzy2.bmp</icon>
      <path>D:\Casual Games\Feeding Frenzy 2 Deluxe</path>
      <exec>FeedingFrenzy2.exe</exec>
      <args/>
      <windowname>Feeding Frenzy 2</windowname>
      <gamedata/>
      <gamestatus>1</gamestatus>
    </Item>
    <Item Name="Geometry Dash">
      <www/>
      <icon>geometry.bmp</icon>
      <path>D:\Casual Games\Geometry Dash</path>
      <exec>GeometryDash.exe</exec>
      <args/>
      <windowname>Geometry Dash</windowname>
      <gamedata/>
      <gamestatus>1</gamestatus>
    </Item>
    <Item Name="Hamster Ball">
      <www/>
      <icon>hamsterball.bmp</icon>
      <path>D:\Casual Games\Hamsterball</path>
      <exec>Hamsterball.exe</exec>
      <args/>
      <windowname>Hamsterball</windowname>
      <gamedata/>
      <gamestatus>1</gamestatus>
    </Item>
    <Item Name="Luxor">
      <www/>
      <icon>luxor.bmp</icon>
      <path>D:\Casual Games\Luxor</path>
      <exec>Luxor.exe</exec>
      <args/>
      <windowname>Luxor 1.0.3.32 GH</windowname>
      <gamedata/>
      <gamestatus>1</gamestatus>
    </Item>
    <Item Name="Metal Slug 3">
      <www/>
      <icon>winkawaks.bmp</icon>
      <path>D:\Casual Games\WinKawaks</path>
      <exec>WinKawaks.exe</exec>
      <args/>
      <windowname>Kawaks 1.63</windowname>
      <gamedata>D:\Casual Games\WinKawaks\saves</gamedata>
      <gamestatus>1</gamestatus>
    </Item>
    <Item Name="Peggle Deluxe">
      <www/>
      <icon>peggle.bmp</icon>
      <path>D:\Casual Games\Peggle Deluxe</path>
      <exec>Peggle.exe</exec>
      <args/>
      <windowname>Peggle Deluxe 1.01</windowname>
      <gamedata/>
      <gamestatus>1</gamestatus>
    </Item>
    <Item Name="Plants vs. Zombie">
      <www/>
      <icon>plantsvszombie.bmp</icon>
      <path>D:\Casual Games\Plants vs Zombies</path>
      <exec>PlantsVsZombies.exe</exec>
      <args/>
      <windowname>Plants vs. Zombies</windowname>
      <gamedata/>
      <gamestatus>1</gamestatus>
    </Item>
    <Item Name="Platypus">
      <www/>
      <icon>platypus.bmp</icon>
      <path>D:\Casual Games\Platypus</path>
      <exec>Platypus.exe</exec>
      <args/>
      <windowname/>
      <gamedata/>
      <gamestatus>1</gamestatus>
    </Item>
    <Item Name="Professor Fizzwizzle">
      <www/>
      <icon>professor.bmp</icon>
      <path>D:\Casual Games\Professor Fizzwizzle</path>
      <exec>Professor.exe</exec>
      <args/>
      <windowname>Professor Fizzwizzle</windowname>
      <gamedata/>
      <gamestatus>1</gamestatus>
    </Item>
    <Item Name="Teenage Mutant Ninja Turtles 2">
      <www/>
      <icon>tmnt2.bmp</icon>
      <path>D:\Casual Games\Teenage Mutant Ninja Turtles 2</path>
      <exec>TMNT2.exe</exec>
      <args/>
      <windowname>TMNT2</windowname>
      <gamedata/>
      <gamestatus>1</gamestatus>
    </Item>
    <Item Name="Text Twist 2">
      <www/>
      <icon>texttwist2.bmp</icon>
      <path>D:\Casual Games\Text Twist 2</path>
      <exec>TextTwist2.exe</exec>
      <args/>
      <windowname>TextTwist 2</windowname>
      <gamedata/>
      <gamestatus>1</gamestatus>
    </Item>
    <Item Name="Toy Story 3">
      <www/>
      <icon>toystory3.bmp</icon>
      <path>D:\Casual Games\Toy Story 3</path>
      <exec>Toy Story 3.exe</exec>
      <args/>
      <windowname>Toy Story 3</windowname>
      <gamedata/>
      <gamestatus>1</gamestatus>
    </Item>
    <Item Name="Varmintz Deluxe">
      <www/>
      <icon>varmintzdeluxe.bmp</icon>
      <path>D:\Casual Games\Varmintz Deluxe</path>
      <exec>Varmintz.exe</exec>
      <args/>
      <windowname>Varmintz</windowname>
      <gamedata/>
      <gamestatus>1</gamestatus>
    </Item>
    <Item Name="Zombie Bowl-O-Rama">
      <www/>
      <icon>zbowl.bmp</icon>
      <path>D:\Casual Games\Zombie Bowl-O-Rama</path>
      <exec>Zombie Bowl-O-Rama.exe</exec>
      <args/>
      <windowname>Zombie Bowl-O-Rama</windowname>
      <gamedata/>
      <gamestatus>1</gamestatus>
    </Item>
    <Item Name="Zuma Deluxe">
      <www/>
      <icon>zumadeluxe.bmp</icon>
      <path>D:\Casual Games\Zuma Deluxe</path>
      <exec>Zuma.exe</exec>
      <args/>
      <windowname>Zuma Deluxe 1.0.0.1</windowname>
      <gamedata/>
      <gamestatus>1</gamestatus>
    </Item>
  </CasualGames>
  <AppTools>
    <Item Name="Chrome">
      <www/>
      <icon>chrome.png</icon>
      <path>D:\VBScript</path>
      <exec>launcher.vbs</exec>
      <args>chrome</args>
      <windowname>Chrome</windowname>
      <status>1</status>
    </Item>
    <Item Name="iChrome">
      <www/>
      <icon>chrome_incognito.png</icon>
      <path>D:\VBScript</path>
      <exec>launcher.vbs</exec>
      <args>ichrome</args>
      <windowname>Chrome</windowname>
      <status>1</status>
    </Item>
    <Item Name="Firefox">
      <www/>
      <icon>firefox.png</icon>
      <path>D:\Applications\Mozilla Firefox</path>
      <exec>firefox.exe</exec>
      <args/>
      <windowname>[CLASS:MozillaWindowClass]</windowname>
      <status>1</status>
    </Item>
    <Item Name="iExplorer">
      <www>iexplore</www>
      <icon>edge.png</icon>
      <path/>
      <exec/>
      <args/>
      <windowname/>
      <status>1</status>
    </Item>
    <Item Name="Skype">
      <www/>
      <icon>skype.png</icon>
      <path>D:\Applications\Skype</path>
      <exec>Skype.exe</exec>
      <args/>
      <windowname>Skype</windowname>
      <status>1</status>
    </Item>
    <Item Name="Excel">
      <www>excel</www>
      <icon>microsoft_excel.png</icon>
      <path/>
      <exec/>
      <args/>
      <windowname>Excel</windowname>
      <status>1</status>
    </Item>
    <Item Name="Power Point">
      <www>powerpnt</www>
      <icon>microsoft_powerpoint.png</icon>
      <path/>
      <exec/>
      <args/>
      <windowname>PowerPoint</windowname>
      <status>1</status>
    </Item>
    <Item Name="Word">
      <www>winword</www>
      <icon>microsoft_word.png</icon>
      <path/>
      <exec/>
      <args/>
      <windowname>Word</windowname>
      <status>1</status>
    </Item>
    <Item Name="Bandicam">
      <www/>
      <icon>screen_recorder.png</icon>
      <path>D:\VBScript</path>
      <exec>launcher.vbs</exec>
      <args>bandicam</args>
      <windowname>[TITLE:Installer Language]</windowname>
      <status>1</status>
    </Item>
    <Item Name="OBS Studio">
      <www/>
      <icon>screen_recorder_live.png</icon>
      <path>D:\Applications\obs-studio\bin\64bit</path>
      <exec>tv_show_tracker.exe</exec>
      <args/>
      <windowname>[TITLE:OBS]</windowname>
      <status>1</status>
    </Item>
    <Item Name="OH Monitor">
      <www/>
      <icon>healthifyme.png</icon>
      <path>D:\Applications\OpenHardwareMonitor</path>
      <exec>OpenHardwareMonitor.exe</exec>
      <args/>
      <windowname/>
      <status>1</status>
    </Item>
    <Item Name="FTP Client">
      <www/>
      <icon>ftp.png</icon>
      <path>D:\VBScript</path>
      <exec>launcher.vbs</exec>
      <args>ftpclient</args>
      <windowname/>
      <status>1</status>
    </Item>
    <Item Name="Notepad">
      <www>notepad</www>
      <icon>notepad.png</icon>
      <path/>
      <exec/>
      <args/>
      <windowname>Notepad</windowname>
      <status>1</status>
    </Item>
    <Item Name="Nox Android">
      <www/>
      <icon>android.png</icon>
      <path>D:\Online Games\Nox\bin</path>
      <exec>Nox.exe</exec>
      <args/>
      <windowname>NoxPlayer</windowname>
      <status>1</status>
    </Item>
    <Item Name="Notepad++">
      <www/>
      <icon>notepad++.png</icon>
      <path>D:\Applications\Notepad++</path>
      <exec>notepad++.exe</exec>
      <args/>
      <windowname>Notepad++</windowname>
      <status>1</status>
    </Item>
    <Item Name="Paint">
      <www>pbrush</www>
      <icon>paint.png</icon>
      <path/>
      <exec/>
      <args/>
      <windowname/>
      <status>1</status>
    </Item>
    <Item Name="Photoshop">
      <www/>
      <icon>photoshop.png</icon>
      <path>D:\Applications\PhotoshopPortable</path>
      <exec>photoshopportable.exe</exec>
      <args/>
      <windowname>Photoshop</windowname>
      <status>1</status>
    </Item>
    <Item Name="Garena">
      <wclass>Garena</wclass>
      <www/>
      <icon>garena.png</icon>
      <path>D:\VBScript</path>
      <exec>launcher.vbs</exec>
      <args>garen</args>
      <windowname>Garena</windowname>
      <status>1</status>
    </Item>
    <Item Name="Roblox Studio">
      <www/>
      <icon>robloxstudio.png</icon>
      <path>D:\VBScript</path>
      <exec>launcher.vbs</exec>
      <args>robloxstudio</args>
      <windowname/>
      <status>1</status>
    </Item>
    <Item Name="Spotify">
      <www/>
      <icon>spotify.png</icon>
      <path>D:\Applications\Spotify</path>
      <exec>Spotify.exe</exec>
      <args/>
      <windowname>Spotify</windowname>
      <status>1</status>
    </Item>
    <Item Name="Steam">
      <www/>
      <icon>steam.png</icon>
      <path>D:\Online Games\steam</path>
      <exec>steam.exe</exec>
      <args/>
      <windowname>Steam</windowname>
      <status>1</status>
    </Item>
    <Item Name="USB Fix">
      <www/>
      <icon>folder_settings.png</icon>
      <path>D:\Applications</path>
      <exec>USBFix.exe</exec>
      <args/>
      <windowname>USB Hidden Folder Fix</windowname>
      <status>1</status>
    </Item>
    <Item Name="Auto Clicker">
      <www/>
      <icon>autoclick.png</icon>
      <path>D:\Applications</path>
      <exec>AutoClicker.exe</exec>
      <args/>
      <windowname/>
      <status>1</status>
    </Item>
    <Item Name="Auto Keyboard">
      <www/>
      <icon>autokey.png</icon>
      <path>D:\Applications</path>
      <exec>AutoKeyboard.exe</exec>
      <args/>
      <windowname/>
      <status>1</status>
    </Item>
    <Item Name="Dota Hotkey">
      <www/>
      <icon>hotkey.png</icon>
      <path>D:\Applications</path>
      <exec>InventoryA+.exe</exec>
      <args/>
      <windowname/>
      <status>1</status>
    </Item>
    <Item Name="Mineskeys+">
      <www/>
      <icon>mineskeys.png</icon>
      <path>D:\Applications</path>
      <exec>mineskeys.exe</exec>
      <args/>
      <windowname/>
      <status>1</status>
    </Item>
    <Item Name="SaveNLoad">
      <www/>
      <icon>save.png</icon>
      <path>D:\Applications</path>
      <exec>SaveNLoad CLIENT.exe</exec>
      <args/>
      <windowname/>
      <status>1</status>
    </Item>
  </AppTools>
  <Settings>
    <Title>Fran's Internet Café</Title>
	<SubTitle />
    <Theme>Light</Theme>
    <AccentColor>#FF1BA1E2</AccentColor>
    <GameData>\\SERVER-PC\Update$\GameData</GameData>
  </Settings>
</AGL>